{"stats":{"minecraft:crafted":{"minecraft:crafting_table":1,"biomesoplenty:redwood_planks":40},"minecraft:used":{"born_in_chaos_v1:monster_flesh":1,"minecraft:sand":3,"minecraft:dirt":3,"minecraft:crafting_table":1,"biomesoplenty:redwood_log":1},"minecraft:killed":{"minecraft:zombie":1,"born_in_chaos_v1:corpse_fly":1},"minecraft:killed_by":{"minecraft:vindicator":1,"born_in_chaos_v1:dread_hound":2,"minecraft:zombie":1,"born_in_chaos_v1:corpse_fish":1},"minecraft:dropped":{"biomesoplenty:redwood_planks":16},"minecraft:custom":{"minecraft:time_since_rest":2247,"minecraft:sprint_one_cm":81366,"minecraft:damage_taken":1295,"minecraft:walk_one_cm":83425,"minecraft:mob_kills":3,"minecraft:drop":1,"minecraft:damage_dealt":465,"minecraft:swim_one_cm":4734,"minecraft:fly_one_cm":121559,"minecraft:crouch_one_cm":151,"minecraft:play_time":29479,"minecraft:deaths":5,"minecraft:sneak_time":36,"minecraft:walk_under_water_one_cm":6688,"minecraft:damage_dealt_resisted":6,"minecraft:jump":485,"minecraft:leave_game":1,"minecraft:time_since_death":2217,"minecraft:walk_on_water_one_cm":3412,"minecraft:total_world_time":29479,"minecraft:fall_one_cm":9201},"minecraft:picked_up":{"biomesoplenty:redwood_log":9,"biomesoplenty:lavender":1,"minecraft:crafting_table":1,"born_in_chaos_v1:monster_flesh":1,"minecraft:salmon":1,"born_in_chaos_v1:phantom_powder":1,"minecraft:sand":85,"minecraft:oak_log":2,"minecraft:gunpowder":2,"minecraft:dirt":6,"born_in_chaos_v1:monster_skin":1,"biomesoplenty:tall_lavender":1,"biomesoplenty:redwood_planks":16,"minecraft:bone":3,"minecraft:rotten_flesh":3,"biomesoplenty:jacaranda_log":1,"born_in_chaos_v1:gnawed_bones":1,"biomesoplenty:redwood_wood":4},"minecraft:mined":{"biomesoplenty:jacaranda_log":1,"biomesoplenty:tall_lavender":1,"biomesoplenty:lavender":1,"minecraft:crafting_table":1,"minecraft:oak_log":2,"biomesoplenty:sea_oats":5,"minecraft:grass_block":4,"biomesoplenty:redwood_log":9,"minecraft:sand":79,"minecraft:dirt":2,"minecraft:tall_grass":1,"biomesoplenty:redwood_wood":4,"minecraft:fern":3,"minecraft:large_fern":1}},"DataVersion":3465}