{"stats":{"minecraft:mined":{"minecraft:large_fern":1,"minecraft:dark_oak_planks":1,"biomesoplenty:jacaranda_log":1,"biomesoplenty:tall_lavender":1,"biomesoplenty:lavender":2,"supplementaries:stick":5,"minecraft:crafting_table":1,"biomesoplenty:sea_oats":44,"minecraft:grass":1,"biomesoplenty:bush":5,"minecraft:allium":1,"minecraft:grass_block":4,"minecraft:oak_log":2,"biomesoplenty:redwood_log":17,"biomesoplenty:redwood_leaves":19,"minecraft:sand":88,"minecraft:dirt":2,"quark:hollow_oak_log":1,"minecraft:tall_grass":4,"biomesoplenty:redwood_wood":11,"minecraft:oak_leaves":1,"biomesoplenty:dune_grass":7,"minecraft:fern":4},"minecraft:custom":{"minecraft:time_since_rest":7088,"minecraft:sprint_one_cm":156104,"minecraft:damage_taken":1960,"minecraft:walk_one_cm":128584,"minecraft:mob_kills":5,"minecraft:drop":1,"minecraft:damage_dealt":767,"minecraft:swim_one_cm":21481,"minecraft:fly_one_cm":286619,"minecraft:crouch_one_cm":151,"minecraft:play_time":47586,"minecraft:deaths":8,"minecraft:sneak_time":36,"minecraft:walk_under_water_one_cm":9784,"minecraft:jump":1118,"minecraft:damage_dealt_resisted":6,"minecraft:leave_game":2,"minecraft:walk_on_water_one_cm":6217,"minecraft:time_since_death":7050,"minecraft:total_world_time":47586,"minecraft:fall_one_cm":29061},"minecraft:killed":{"minecraft:skeleton":1,"minecraft:zombie":1,"born_in_chaos_v1:corpse_fly":1},"minecraft:picked_up":{"minecraft:stick":5,"minecraft:crafting_table":1,"minecraft:allium":1,"born_in_chaos_v1:monster_flesh":1,"minecraft:salmon":1,"born_in_chaos_v1:phantom_powder":1,"quark:hollow_oak_log":1,"minecraft:sand":87,"minecraft:oak_log":2,"born_in_chaos_v1:fire_dust":1,"minecraft:gunpowder":2,"minecraft:dirt":6,"minecraft:dark_oak_planks":1,"biomesoplenty:redwood_planks":16,"born_in_chaos_v1:monster_skin":1,"biomesoplenty:tall_lavender":1,"minecraft:bone":3,"minecraft:rotten_flesh":3,"biomesoplenty:jacaranda_log":1,"minecraft:wheat_seeds":2,"born_in_chaos_v1:gnawed_bones":1,"biomesoplenty:redwood_sapling":2,"biomesoplenty:redwood_wood":11,"biomesoplenty:redwood_log":17,"biomesoplenty:lavender":1},"minecraft:used":{"quark:hollow_oak_log":1,"born_in_chaos_v1:monster_flesh":1,"biomesoplenty:redwood_planks":4,"minecraft:stick":4,"minecraft:sand":3,"minecraft:dirt":3,"minecraft:crafting_table":1,"biomesoplenty:redwood_log":1},"minecraft:killed_by":{"minecraft:vindicator":1,"born_in_chaos_v1:zombie_fisherman":1,"minecraft:skeleton":1,"born_in_chaos_v1:dread_hound":2,"minecraft:zombie":1,"minecraft:pillager":1,"born_in_chaos_v1:corpse_fish":1},"minecraft:dropped":{"biomesoplenty:redwood_planks":16},"minecraft:crafted":{"minecraft:crafting_table":1,"biomesoplenty:redwood_planks":64}},"DataVersion":3465}