{"stats":{"minecraft:crafted":{"minecraft:crafting_table":1,"biomesoplenty:redwood_planks":16},"minecraft:used":{"minecraft:sand":2,"minecraft:dirt":3,"minecraft:crafting_table":1},"minecraft:killed_by":{"born_in_chaos_v1:dread_hound":2,"minecraft:zombie":1,"born_in_chaos_v1:corpse_fish":1},"minecraft:killed":{"born_in_chaos_v1:corpse_fly":1},"minecraft:dropped":{"biomesoplenty:redwood_planks":16},"minecraft:custom":{"minecraft:time_since_rest":749,"minecraft:sprint_one_cm":28217,"minecraft:damage_taken":975,"minecraft:walk_one_cm":38291,"minecraft:mob_kills":2,"minecraft:drop":1,"minecraft:damage_dealt":242,"minecraft:fly_one_cm":51418,"minecraft:crouch_one_cm":15,"minecraft:play_time":17479,"minecraft:deaths":4,"minecraft:sneak_time":18,"minecraft:walk_under_water_one_cm":6600,"minecraft:jump":194,"minecraft:leave_game":1,"minecraft:time_since_death":651,"minecraft:walk_on_water_one_cm":1571,"minecraft:total_world_time":17479,"minecraft:fall_one_cm":2548},"minecraft:picked_up":{"biomesoplenty:redwood_log":1,"biomesoplenty:lavender":1,"minecraft:crafting_table":1,"minecraft:salmon":1,"born_in_chaos_v1:phantom_powder":1,"minecraft:sand":67,"minecraft:gunpowder":2,"minecraft:dirt":5,"biomesoplenty:tall_lavender":1,"biomesoplenty:redwood_planks":16,"minecraft:bone":1,"minecraft:rotten_flesh":2,"biomesoplenty:jacaranda_log":1,"biomesoplenty:redwood_wood":4},"minecraft:mined":{"biomesoplenty:jacaranda_log":1,"biomesoplenty:tall_lavender":1,"biomesoplenty:lavender":1,"minecraft:crafting_table":1,"biomesoplenty:sea_oats":1,"minecraft:grass_block":3,"biomesoplenty:redwood_log":1,"minecraft:sand":59,"minecraft:dirt":2,"minecraft:tall_grass":1,"biomesoplenty:redwood_wood":4}},"DataVersion":3465}