{"stats":{"minecraft:killed":{"born_in_chaos_v1:corpse_fly":1},"minecraft:killed_by":{"born_in_chaos_v1:dread_hound":2,"born_in_chaos_v1:corpse_fish":1},"minecraft:custom":{"minecraft:time_since_rest":1288,"minecraft:play_time":5479,"minecraft:sprint_one_cm":11836,"minecraft:deaths":3,"minecraft:damage_taken":775,"minecraft:walk_one_cm":24720,"minecraft:walk_under_water_one_cm":6600,"minecraft:mob_kills":2,"minecraft:jump":90,"minecraft:damage_dealt":242,"minecraft:leave_game":1,"minecraft:walk_on_water_one_cm":1571,"minecraft:time_since_death":61,"minecraft:total_world_time":5479,"minecraft:fall_one_cm":836,"minecraft:fly_one_cm":23299},"minecraft:picked_up":{"minecraft:rotten_flesh":2,"minecraft:salmon":1,"born_in_chaos_v1:phantom_powder":1,"minecraft:sand":43,"minecraft:gunpowder":2},"minecraft:mined":{"biomesoplenty:sea_oats":1,"minecraft:sand":35}},"DataVersion":3465}