{"stats":{"minecraft:crafted":{"minecraft:crafting_table":1,"biomesoplenty:redwood_planks":56},"minecraft:used":{"born_in_chaos_v1:monster_flesh":1,"biomesoplenty:redwood_planks":4,"minecraft:sand":3,"minecraft:dirt":3,"minecraft:crafting_table":1,"biomesoplenty:redwood_log":1},"minecraft:killed_by":{"minecraft:vindicator":1,"minecraft:skeleton":1,"born_in_chaos_v1:dread_hound":2,"minecraft:zombie":1,"minecraft:pillager":1,"born_in_chaos_v1:corpse_fish":1},"minecraft:killed":{"minecraft:skeleton":1,"minecraft:zombie":1,"born_in_chaos_v1:corpse_fly":1},"minecraft:dropped":{"biomesoplenty:redwood_planks":16},"minecraft:custom":{"minecraft:time_since_rest":1160,"minecraft:sprint_one_cm":126110,"minecraft:damage_taken":1865,"minecraft:walk_one_cm":107504,"minecraft:mob_kills":4,"minecraft:drop":1,"minecraft:damage_dealt":715,"minecraft:swim_one_cm":15627,"minecraft:fly_one_cm":214285,"minecraft:crouch_one_cm":151,"minecraft:play_time":40041,"minecraft:deaths":7,"minecraft:sneak_time":36,"minecraft:walk_under_water_one_cm":7876,"minecraft:damage_dealt_resisted":6,"minecraft:jump":870,"minecraft:leave_game":2,"minecraft:time_since_death":1132,"minecraft:walk_on_water_one_cm":5093,"minecraft:total_world_time":40041,"minecraft:fall_one_cm":22501},"minecraft:picked_up":{"biomesoplenty:redwood_log":17,"biomesoplenty:lavender":1,"minecraft:crafting_table":1,"minecraft:allium":1,"born_in_chaos_v1:monster_flesh":1,"minecraft:salmon":1,"born_in_chaos_v1:phantom_powder":1,"minecraft:sand":85,"minecraft:oak_log":2,"minecraft:gunpowder":2,"minecraft:dirt":6,"minecraft:dark_oak_planks":1,"born_in_chaos_v1:monster_skin":1,"biomesoplenty:tall_lavender":1,"biomesoplenty:redwood_planks":16,"minecraft:bone":3,"minecraft:rotten_flesh":3,"biomesoplenty:jacaranda_log":1,"minecraft:wheat_seeds":2,"born_in_chaos_v1:gnawed_bones":1,"biomesoplenty:redwood_sapling":2,"biomesoplenty:redwood_wood":8},"minecraft:mined":{"biomesoplenty:jacaranda_log":1,"biomesoplenty:tall_lavender":1,"biomesoplenty:lavender":2,"biomesoplenty:redwood_leaves":19,"minecraft:crafting_table":1,"minecraft:grass":1,"minecraft:allium":1,"biomesoplenty:bush":5,"minecraft:oak_log":2,"biomesoplenty:sea_oats":30,"minecraft:grass_block":4,"biomesoplenty:redwood_log":17,"minecraft:sand":79,"minecraft:dirt":2,"minecraft:tall_grass":4,"biomesoplenty:redwood_wood":8,"biomesoplenty:dune_grass":7,"minecraft:fern":3,"minecraft:dark_oak_planks":1,"minecraft:large_fern":1}},"DataVersion":3465}