{"stats":{"minecraft:crafted":{"minecraft:wooden_sword":1,"minecraft:crafting_table":1,"minecraft:stick":4,"biomesoplenty:redwood_planks":8},"minecraft:used":{"minecraft:stick":1,"minecraft:wooden_sword":7,"minecraft:crafting_table":1,"alexsmobs:animal_dictionary":1},"minecraft:custom":{"minecraft:time_since_rest":6839,"minecraft:crouch_one_cm":86,"minecraft:play_time":6839,"minecraft:sprint_one_cm":23339,"minecraft:walk_one_cm":31429,"minecraft:damage_taken":185,"minecraft:sneak_time":36,"minecraft:walk_under_water_one_cm":1205,"minecraft:damage_dealt_resisted":101,"minecraft:jump":81,"minecraft:damage_dealt":172,"minecraft:leave_game":1,"minecraft:walk_on_water_one_cm":765,"minecraft:time_since_death":6839,"minecraft:total_world_time":6839,"minecraft:swim_one_cm":4588,"minecraft:interact_with_crafting_table":2,"minecraft:fall_one_cm":1463,"minecraft:fly_one_cm":12174},"minecraft:picked_up":{"born_in_chaos_v1:shattered_skull":1,"minecraft:sand":7,"born_in_chaos_v1:gnawed_bones":1,"biomesoplenty:redwood_wood":2},"minecraft:mined":{"minecraft:sand":5,"biomesoplenty:redwood_wood":2}},"DataVersion":3465}