{"stats":{"minecraft:crafted":{"minecraft:wooden_sword":1,"minecraft:oak_planks":4,"minecraft:crafting_table":2,"minecraft:stick":8,"biomesoplenty:redwood_planks":8,"minecraft:wooden_pickaxe":1,"minecraft:stone_pickaxe":1,"minecraft:dark_oak_planks":8,"minecraft:torch":8},"minecraft:used":{"biomesoplenty:redwood_planks":1,"minecraft:stone_pickaxe":47,"minecraft:wooden_pickaxe":19,"minecraft:torch":2,"minecraft:stick":1,"minecraft:sand":7,"minecraft:wooden_sword":19,"minecraft:dirt":7,"minecraft:crafting_table":2,"alexsmobs:animal_dictionary":1},"minecraft:killed_by":{"minecraft:skeleton":1,"born_in_chaos_v1:dread_hound":1},"minecraft:killed":{"minecraft:pillager":2},"minecraft:custom":{"minecraft:time_since_rest":172,"minecraft:sprint_one_cm":46756,"minecraft:damage_taken":490,"minecraft:walk_one_cm":77522,"minecraft:mob_kills":2,"minecraft:damage_dealt":505,"minecraft:interact_with_crafting_table":5,"minecraft:swim_one_cm":4588,"minecraft:fly_one_cm":27213,"minecraft:crouch_one_cm":275,"minecraft:play_time":17560,"minecraft:deaths":2,"minecraft:sneak_time":215,"minecraft:walk_under_water_one_cm":1205,"minecraft:jump":344,"minecraft:damage_dealt_resisted":101,"minecraft:time_since_death":28,"minecraft:leave_game":2,"minecraft:walk_on_water_one_cm":765,"minecraft:total_world_time":17560,"minecraft:fall_one_cm":8189},"minecraft:picked_up":{"biomesoplenty:redwood_log":8,"born_in_chaos_v1:shattered_skull":1,"minecraft:sand":7,"minecraft:oak_log":1,"minecraft:dark_oak_log":2,"minecraft:dirt":11,"minecraft:raw_copper":15,"biomesoplenty:redwood_planks":12,"minecraft:arrow":2,"born_in_chaos_v1:gnawed_bones":1,"biomesoplenty:redwood_sapling":2,"minecraft:oak_sapling":1,"biomesoplenty:redwood_wood":2,"spelunkers_charm:rock":3,"minecraft:coal":41,"minecraft:cobblestone":17},"minecraft:mined":{"spelunkers_charm:rock_pile_3":1,"minecraft:dark_oak_log":2,"biomesoplenty:bush":2,"minecraft:oak_log":1,"minecraft:grass_block":5,"minecraft:coal_ore":41,"minecraft:sand":5,"minecraft:dirt":6,"minecraft:copper_ore":4,"minecraft:stone":17,"minecraft:oak_leaves":2,"biomesoplenty:redwood_wood":2}},"DataVersion":3465}