{"stats":{"minecraft:mined":{"minecraft:large_fern":1,"biomesoplenty:sea_oats":13,"biomesoplenty:flowering_oak_leaves":3,"minecraft:sand":1,"minecraft:oak_leaves":1,"biomesoplenty:dune_grass":11,"minecraft:fern":7},"minecraft:custom":{"minecraft:time_since_rest":6544,"minecraft:play_time":6544,"minecraft:sprint_one_cm":24090,"minecraft:damage_taken":70,"minecraft:walk_one_cm":12465,"minecraft:sneak_time":40,"minecraft:walk_under_water_one_cm":4938,"minecraft:mob_kills":1,"minecraft:drop":1,"minecraft:jump":136,"minecraft:damage_dealt":139,"minecraft:walk_on_water_one_cm":2739,"minecraft:time_since_death":6544,"minecraft:total_world_time":6544,"minecraft:swim_one_cm":10917,"minecraft:fly_one_cm":33253,"minecraft:fall_one_cm":3344},"minecraft:killed":{"alexsmobs:lobster":1},"minecraft:used":{"minecraft:sand":5,"minecraft:potion":1,"minecraft:glass_bottle":1,"born_in_chaos_v1:intoxicating_decoction":1,"alexsmobs:animal_dictionary":4},"minecraft:picked_up":{"born_in_chaos_v1:intoxicating_decoction":2,"minecraft:rotten_flesh":5,"minecraft:sand":6},"minecraft:dropped":{"born_in_chaos_v1:intoxicating_decoction":1}},"DataVersion":3465}