{
  "takesapillage:root": {
    "criteria": {
      "always": "2024-09-08 22:11:51 +0000"
    },
    "done": true
  },
  "betterdungeons:root": {
    "criteria": {
      "always": "2024-09-08 22:11:51 +0000"
    },
    "done": true
  },
  "born_in_chaos_v1:bornin_chaos": {
    "criteria": {
      "bornin_chaos_0": "2024-09-08 22:11:51 +0000"
    },
    "done": true
  },
  "repurposed_structures:root": {
    "criteria": {
      "always": "2024-09-08 22:11:51 +0000"
    },
    "done": true
  },
  "minecraft:adventure/adventuring_time": {
    "criteria": {
      "minecraft:beach": "2024-09-08 22:11:53 +0000",
      "minecraft:river": "2024-09-08 22:55:12 +0000",
      "minecraft:forest": "2024-09-09 02:05:39 +0000",
      "minecraft:ocean": "2024-09-08 22:13:53 +0000"
    },
    "done": false
  },
  "born_in_chaos_v1:double_trouble": {
    "criteria": {
      "double_trouble_0": "2024-09-08 22:12:59 +0000"
    },
    "done": true
  },
  "minecraft:adventure/root": {
    "criteria": {
      "killed_by_something": "2024-09-08 22:13:27 +0000"
    },
    "done": true
  },
  "biomesoplenty:biomesoplenty/all_biomes": {
    "criteria": {
      "shrubland": "2024-09-08 22:56:25 +0000",
      "orchard": "2024-09-09 02:03:18 +0000",
      "lavender_forest": "2024-09-08 22:55:20 +0000",
      "redwood_forest": "2024-09-08 22:37:29 +0000",
      "dune_beach": "2024-09-08 22:37:33 +0000",
      "lavender_field": "2024-09-08 22:46:48 +0000"
    },
    "done": false
  },
  "biomesoplenty:biomesoplenty/root": {
    "criteria": {
      "redwood_forest": "2024-09-08 22:37:29 +0000"
    },
    "done": true
  },
  "alexsmobs:alexsmobs/seagull_steal": {
    "criteria": {
      "ex": "2024-09-08 22:37:35 +0000"
    },
    "done": true
  },
  "paraglider:root": {
    "criteria": {
      "crafting_table": "2024-09-08 22:46:45 +0000"
    },
    "done": true
  },
  "minecraft:story/root": {
    "criteria": {
      "crafting_table": "2024-09-08 22:46:45 +0000"
    },
    "done": true
  },
  "immersive_weathering:immersive_weathering/dirts": {
    "criteria": {
      "dirt": "2024-09-08 22:47:21 +0000"
    },
    "done": false
  },
  "minecraft:adventure/kill_all_mobs": {
    "criteria": {
      "minecraft:skeleton": "2024-09-08 23:07:11 +0000",
      "minecraft:zombie": "2024-09-08 22:50:11 +0000"
    },
    "done": false
  },
  "minecraft:adventure/kill_a_mob": {
    "criteria": {
      "minecraft:zombie": "2024-09-08 22:50:11 +0000"
    },
    "done": true
  },
  "minecraft:husbandry/root": {
    "criteria": {
      "consumed_item": "2024-09-08 22:54:22 +0000"
    },
    "done": true
  },
  "DataVersion": 3465
}